Year,Month,DayofMonth,DayOfWeek,DepTime,CRSDepTime,ArrTime,CRSArrTime,UniqueCarrier,FlightNum,TailNum,ActualElapsedTime,CRSElapsedTime,AirTime,ArrDelay,DepDelay,Origin,Dest,Distance,TaxiIn,TaxiOut,Cancelled,CancellationCode,Diverted,CarrierDelay,WeatherDelay,NASDelay,SecurityDelay,LateAircraftDelay
2001,1,17,3,1806,1810,1931,1934,US,375,N700��,85,84,60,-3,-4,BWI,CLT,361,5,20,0,NA,0,NA,NA,NA,NA,NA
2001,1,18,4,1805,1810,1938,1934,US,375,N713��,93,84,64,4,-5,BWI,CLT,361,9,20,0,NA,0,NA,NA,NA,NA,NA
2001,1,19,5,1821,1810,1957,1934,US,375,N702��,96,84,80,23,11,BWI,CLT,361,6,10,0,NA,0,NA,NA,NA,NA,NA
2001,1,20,6,1807,1810,1944,1934,US,375,N701��,97,84,66,10,-3,BWI,CLT,361,4,27,0,NA,0,NA,NA,NA,NA,NA
2001,1,21,7,1810,1810,1954,1934,US,375,N768��,104,84,62,20,0,BWI,CLT,361,4,38,0,NA,0,NA,NA,NA,NA,NA
2001,1,22,1,1807,1810,1931,1934,US,375,N722��,84,84,61,-3,-3,BWI,CLT,361,12,11,0,NA,0,NA,NA,NA,NA,NA
2001,1,23,2,1802,1810,1924,1934,US,375,N732��,82,84,61,-10,-8,BWI,CLT,361,5,16,0,NA,0,NA,NA,NA,NA,NA
2001,1,24,3,1804,1810,1922,1934,US,375,N737��,78,84,60,-12,-6,BWI,CLT,361,4,14,0,NA,0,NA,NA,NA,NA,NA
2001,1,25,4,1812,1810,1925,1934,US,375,N767��,73,84,52,-9,2,BWI,CLT,361,6,15,0,NA,0,NA,NA,NA,NA,NA
2001,1,26,5,1812,1810,1933,1934,US,375,N706��,81,84,62,-1,2,BWI,CLT,361,4,15,0,NA,0,NA,NA,NA,NA,NA
2001,1,27,6,1812,1810,1928,1934,US,375,N767��,76,84,62,-6,2,BWI,CLT,361,4,10,0,NA,0,NA,NA,NA,NA,NA
2001,1,28,7,1804,1810,1934,1934,US,375,N723��,90,84,55,0,-6,BWI,CLT,361,24,11,0,NA,0,NA,NA,NA,NA,NA
2001,1,29,1,1802,1810,1922,1934,US,375,N741��,80,84,60,-12,-8,BWI,CLT,361,8,12,0,NA,0,NA,NA,NA,NA,NA
2001,1,30,2,1807,1810,1927,1934,US,375,N720��,80,84,61,-7,-3,BWI,CLT,361,5,14,0,NA,0,NA,NA,NA,NA,NA
2001,1,31,3,1805,1810,1924,1934,US,375,N769��,79,84,63,-10,-5,BWI,CLT,361,5,11,0,NA,0,NA,NA,NA,NA,NA
2001,1,1,1,1000,940,1112,1054,US,376,N300A�,72,74,53,18,20,PHL,MHT,290,5,14,0,NA,0,NA,NA,NA,NA,NA
2001,1,2,2,1120,940,1230,1054,US,376,N375��,70,74,54,96,100,PHL,MHT,290,7,9,0,NA,0,NA,NA,NA,NA,NA
2001,1,3,3,941,940,1050,1054,US,376,N335��,69,74,55,-4,1,PHL,MHT,290,5,9,0,NA,0,NA,NA,NA,NA,NA
2001,1,4,4,938,940,1045,1054,US,376,N387��,67,74,53,-9,-2,PHL,MHT,290,3,11,0,NA,0,NA,NA,NA,NA,NA
2001,1,5,5,933,940,1037,1054,US,376,N591��,64,74,50,-17,-7,PHL,MHT,290,3,11,0,NA,0,NA,NA,NA,NA,NA
2001,1,6,6,NA,940,NA,1054,US,376,�NKNO�,NA,74,NA,NA,NA,PHL,MHT,290,0,0,1,NA,0,NA,NA,NA,NA,NA
2001,1,7,7,944,940,1108,1054,US,376,N575��,84,74,57,14,4,PHL,MHT,290,5,22,0,NA,0,NA,NA,NA,NA,NA
2001,1,8,1,943,940,1100,1054,US,376,N504A�,77,74,48,6,3,PHL,MHT,290,5,24,0,NA,0,NA,NA,NA,NA,NA
2001,1,9,2,936,940,1053,1054,US,376,N514A�,77,74,56,-1,-4,PHL,MHT,290,10,11,0,NA,0,NA,NA,NA,NA,NA
2001,1,10,3,935,940,1052,1054,US,376,N336��,77,74,55,-2,-5,PHL,MHT,290,6,16,0,NA,0,NA,NA,NA,NA,NA
2001,1,11,4,936,940,1056,1054,US,376,N392��,80,74,55,2,-4,PHL,MHT,290,6,19,0,NA,0,NA,NA,NA,NA,NA
2001,1,12,5,957,940,1114,1054,US,376,N584��,77,74,55,20,17,PHL,MHT,290,4,18,0,NA,0,NA,NA,NA,NA,NA
2001,1,13,6,935,940,1042,1054,US,376,N339��,67,74,55,-12,-5,PHL,MHT,290,3,9,0,NA,0,NA,NA,NA,NA,NA
2001,1,14,7,940,940,1054,1054,US,376,N391��,74,74,49,0,0,PHL,MHT,290,5,20,0,NA,0,NA,NA,NA,NA,NA
2001,1,15,1,938,940,1122,1054,US,376,N373��,104,74,75,28,-2,PHL,MHT,290,7,22,0,NA,0,NA,NA,NA,NA,NA
2001,1,16,2,1117,940,1221,1054,US,376,N521A�,64,74,49,87,97,PHL,MHT,290,3,12,0,NA,0,NA,NA,NA,NA,NA
2001,1,17,3,943,940,1102,1054,US,376,N354��,79,74,50,8,3,PHL,MHT,290,5,24,0,NA,0,NA,NA,NA,NA,NA
2001,1,18,4,936,940,1047,1054,US,376,N511A�,71,74,49,-7,-4,PHL,MHT,290,3,19,0,NA,0,NA,NA,NA,NA,NA
2001,1,19,5,NA,940,NA,1054,US,376,�NKNO�,NA,74,NA,NA,NA,PHL,MHT,290,0,0,1,NA,0,NA,NA,NA,NA,NA
2001,1,20,6,957,940,1120,1054,US,376,N375��,83,74,46,26,17,PHL,MHT,290,4,33,0,NA,0,NA,NA,NA,NA,NA
2001,1,21,7,NA,940,NA,1054,US,376,�NKNO�,NA,74,NA,NA,NA,PHL,MHT,290,0,0,1,NA,0,NA,NA,NA,NA,NA
2001,1,22,1,942,940,1055,1054,US,376,N446��,73,74,51,1,2,PHL,MHT,290,5,17,0,NA,0,NA,NA,NA,NA,NA
2001,1,23,2,1007,940,1134,1054,US,376,N822��,87,74,53,40,27,PHL,MHT,290,3,31,0,NA,0,NA,NA,NA,NA,NA
2001,1,24,3,943,940,1056,1054,US,376,N342��,73,74,52,2,3,PHL,MHT,290,6,15,0,NA,0,NA,NA,NA,NA,NA
2001,1,25,4,934,940,1049,1054,US,376,N590��,75,74,52,-5,-6,PHL,MHT,290,5,18,0,NA,0,NA,NA,NA,NA,NA
2001,1,26,5,937,940,1046,1054,US,376,N375��,69,74,54,-8,-3,PHL,MHT,290,4,11,0,NA,0,NA,NA,NA,NA,NA
2001,1,27,6,937,940,1047,1054,US,376,N334��,70,74,56,-7,-3,PHL,MHT,290,5,9,0,NA,0,NA,NA,NA,NA,NA
2001,1,28,7,935,940,1044,1054,US,376,N371��,69,74,55,-10,-5,PHL,MHT,290,4,10,0,NA,0,NA,NA,NA,NA,NA
2001,1,29,1,938,940,1043,1054,US,376,N340��,65,74,51,-11,-2,PHL,MHT,290,3,11,0,NA,0,NA,NA,NA,NA,NA
2001,1,30,2,937,940,1102,1054,US,376,N523A�,85,74,49,8,-3,PHL,MHT,290,5,31,0,NA,0,NA,NA,NA,NA,NA
2001,1,31,3,941,940,1046,1054,US,376,N384��,65,74,49,-8,1,PHL,MHT,290,3,13,0,NA,0,NA,NA,NA,NA,NA
2001,1,1,1,1237,1205,1424,1339,US,377,N528A�,107,94,82,45,32,CLT,TPA,508,4,21,0,NA,0,NA,NA,NA,NA,NA
2001,1,2,2,1223,1205,1407,1339,US,377,N522A�,104,94,82,28,18,CLT,TPA,508,3,19,0,NA,0,NA,NA,NA,NA,NA
2001,1,3,3,1243,1205,1414,1339,US,377,N522A�,91,94,78,35,38,CLT,TPA,508,4,9,0,NA,0,NA,NA,NA,NA,NA
2001,1,4,4,1231,1205,1410,1339,US,377,N522A�,99,94,69,31,26,CLT,TPA,508,6,24,0,NA,0,NA,NA,NA,NA,NA
2001,1,5,5,1212,1205,1347,1339,US,377,N373��,95,94,78,8,7,CLT,TPA,508,4,13,0,NA,0,NA,NA,NA,NA,NA
2001,1,6,6,1206,1205,1340,1339,US,377,N394��,94,94,74,1,1,CLT,TPA,508,3,17,0,NA,0,NA,NA,NA,NA,NA
2001,1,7,7,1207,1205,1344,1340,US,377,N804��,97,95,80,4,2,CLT,TPA,508,4,13,0,NA,0,NA,NA,NA,NA,NA
2001,1,8,1,1216,1205,1403,1340,US,377,N823��,107,95,88,23,11,CLT,TPA,508,2,17,0,NA,0,NA,NA,NA,NA,NA
2001,1,9,2,1201,1205,1346,1340,US,377,N830��,105,95,85,6,-4,CLT,TPA,508,4,16,0,NA,0,NA,NA,NA,NA,NA
2001,1,10,3,1206,1205,1346,1340,US,377,N805��,100,95,81,6,1,CLT,TPA,508,4,15,0,NA,0,NA,NA,NA,NA,NA
2001,1,11,4,1525,1205,1644,1340,US,377,N805��,79,95,70,184,200,CLT,TPA,508,2,7,0,NA,0,NA,NA,NA,NA,NA
2001,1,12,5,1216,1205,1404,1340,US,377,N810��,108,95,78,24,11,CLT,TPA,508,2,28,0,NA,0,NA,NA,NA,NA,NA
2001,1,13,6,1209,1205,1355,1340,US,377,N815��,106,95,78,15,4,CLT,TPA,508,6,22,0,NA,0,NA,NA,NA,NA,NA
2001,1,14,7,1204,1205,1346,1340,US,377,N826��,102,95,76,6,-1,CLT,TPA,508,4,22,0,NA,0,NA,NA,NA,NA,NA
2001,1,15,1,1251,1205,1415,1340,US,377,N805��,84,95,73,35,46,CLT,TPA,508,4,7,0,NA,0,NA,NA,NA,NA,NA
2001,1,16,2,1312,1205,1446,1340,US,377,N828��,94,95,76,66,67,CLT,TPA,508,5,13,0,NA,0,NA,NA,NA,NA,NA
2001,1,17,3,1313,1205,1437,1340,US,377,N814��,84,95,73,57,68,CLT,TPA,508,2,9,0,NA,0,NA,NA,NA,NA,NA
2001,1,18,4,1219,1205,1405,1340,US,377,N809��,106,95,79,25,14,CLT,TPA,508,4,23,0,NA,0,NA,NA,NA,NA,NA
2001,1,19,5,1217,1205,1403,1340,US,377,N824��,106,95,88,23,12,CLT,TPA,508,2,16,0,NA,0,NA,NA,NA,NA,NA
2001,1,20,6,1202,1205,1353,1340,US,377,N829��,111,95,94,13,-3,CLT,TPA,508,4,13,0,NA,0,NA,NA,NA,NA,NA
2001,1,21,7,1204,1205,1354,1340,US,377,N829��,110,95,90,14,-1,CLT,TPA,508,7,13,0,NA,0,NA,NA,NA,NA,NA
2001,1,22,1,1214,1205,1412,1340,US,377,N811��,118,95,89,32,9,CLT,TPA,508,3,26,0,NA,0,NA,NA,NA,NA,NA
2001,1,23,2,1202,1205,1331,1340,US,377,N814��,89,95,70,-9,-3,CLT,TPA,508,4,15,0,NA,0,NA,NA,NA,NA,NA
2001,1,24,3,1201,1205,1340,1340,US,377,N800��,99,95,75,0,-4,CLT,TPA,508,5,19,0,NA,0,NA,NA,NA,NA,NA
2001,1,25,4,1221,1205,1404,1340,US,377,N827��,103,95,78,24,16,CLT,TPA,508,3,22,0,NA,0,NA,NA,NA,NA,NA
2001,1,26,5,1244,1205,1409,1340,US,377,N803��,85,95,69,29,39,CLT,TPA,508,1,15,0,NA,0,NA,NA,NA,NA,NA
2001,1,27,6,1204,1205,1332,1340,US,377,N813��,88,95,76,-8,-1,CLT,TPA,508,3,9,0,NA,0,NA,NA,NA,NA,NA
2001,1,28,7,1202,1205,1355,1340,US,377,N813��,113,95,86,15,-3,CLT,TPA,508,7,20,0,NA,0,NA,NA,NA,NA,NA
2001,1,29,1,1201,1205,1332,1340,US,377,N607A�,91,95,72,-8,-4,CLT,TPA,508,8,11,0,NA,0,NA,NA,NA,NA,NA
2001,1,30,2,1201,1205,1337,1340,US,377,N818��,96,95,78,-3,-4,CLT,TPA,508,3,15,0,NA,0,NA,NA,NA,NA,NA
2001,1,31,3,1209,1205,1350,1340,US,377,N800��,101,95,80,10,4,CLT,TPA,508,3,18,0,NA,0,NA,NA,NA,NA,NA
2001,1,1,1,1418,1425,1545,1551,US,378,N896��,87,86,69,-6,-7,CLE,CLT,430,11,7,0,NA,0,NA,NA,NA,NA,NA
2001,1,2,2,1419,1425,1537,1551,US,378,N882��,78,86,68,-14,-6,CLE,CLT,430,4,6,0,NA,0,NA,NA,NA,NA,NA
2001,1,3,3,1432,1425,1606,1551,US,378,N859��,94,86,69,15,7,CLE,CLT,430,4,21,0,NA,0,NA,NA,NA,NA,NA
2001,1,4,4,1436,1425,1555,1551,US,378,N869��,79,86,67,4,11,CLE,CLT,430,5,7,0,NA,0,NA,NA,NA,NA,NA
2001,1,5,5,1421,1425,1555,1551,US,378,N867��,94,86,62,4,-4,CLE,CLT,430,14,18,0,NA,0,NA,NA,NA,NA,NA
2001,1,6,6,1422,1425,1535,1551,US,378,N897��,73,86,62,-16,-3,CLE,CLT,430,5,6,0,NA,0,NA,NA,NA,NA,NA
2001,1,7,7,1418,1425,1542,1551,US,378,N862��,84,86,72,-9,-7,CLE,CLT,430,5,7,0,NA,0,NA,NA,NA,NA,NA
2001,1,8,1,1419,1425,1559,1551,US,378,N892��,100,86,78,8,-6,CLE,CLT,430,4,18,0,NA,0,NA,NA,NA,NA,NA
2001,1,9,2,1418,1425,1532,1551,US,378,N885��,74,86,63,-19,-7,CLE,CLT,430,4,7,0,NA,0,NA,NA,NA,NA,NA
2001,1,10,3,1423,1425,1540,1551,US,378,N865��,77,86,65,-11,-2,CLE,CLT,430,5,7,0,NA,0,NA,NA,NA,NA,NA
2001,1,11,4,1418,1425,1540,1551,US,378,N898��,82,86,69,-11,-7,CLE,CLT,430,5,8,0,NA,0,NA,NA,NA,NA,NA
2001,1,12,5,1421,1425,1547,1551,US,378,N884��,86,86,71,-4,-4,CLE,CLT,430,5,10,0,NA,0,NA,NA,NA,NA,NA
2001,1,13,6,1419,1425,1535,1551,US,378,N865��,76,86,65,-16,-6,CLE,CLT,430,4,7,0,NA,0,NA,NA,NA,NA,NA
2001,1,14,7,1421,1425,1548,1551,US,378,N851��,87,86,75,-3,-4,CLE,CLT,430,4,8,0,NA,0,NA,NA,NA,NA,NA
2001,1,15,1,NA,1425,NA,1551,US,378,�NKNO�,NA,86,NA,NA,NA,CLE,CLT,430,0,0,1,NA,0,NA,NA,NA,NA,NA
2001,1,16,2,1418,1425,1557,1551,US,378,N864��,99,86,82,6,-7,CLE,CLT,430,6,11,0,NA,0,NA,NA,NA,NA,NA
2001,1,17,3,1419,1425,1538,1551,US,378,N889��,79,86,68,-13,-6,CLE,CLT,430,5,6,0,NA,0,NA,NA,NA,NA,NA
2001,1,18,4,1422,1425,1546,1551,US,378,N732��,84,86,71,-5,-3,CLE,CLT,430,6,7,0,NA,0,NA,NA,NA,NA,NA
2001,1,19,5,1522,1425,1712,1551,US,378,N885��,110,86,89,81,57,CLE,CLT,430,3,18,0,NA,0,NA,NA,NA,NA,NA
2001,1,20,6,1418,1425,1606,1551,US,378,N862��,108,86,86,15,-7,CLE,CLT,430,5,17,0,NA,0,NA,NA,NA,NA,NA
2001,1,21,7,1419,1425,1545,1551,US,378,N882��,86,86,70,-6,-6,CLE,CLT,430,8,8,0,NA,0,NA,NA,NA,NA,NA
2001,1,22,1,1419,1425,1547,1551,US,378,N884��,88,86,74,-4,-6,CLE,CLT,430,5,9,0,NA,0,NA,NA,NA,NA,NA
2001,1,23,2,1420,1425,1547,1551,US,378,N862��,87,86,70,-4,-5,CLE,CLT,430,9,8,0,NA,0,NA,NA,NA,NA,NA
2001,1,24,3,NA,1425,NA,1551,US,378,�NKNO�,NA,86,NA,NA,NA,CLE,CLT,430,0,0,1,NA,0,NA,NA,NA,NA,NA
2001,1,25,4,1420,1425,1537,1551,US,378,N853��,77,86,60,-14,-5,CLE,CLT,430,8,9,0,NA,0,NA,NA,NA,NA,NA
2001,1,26,5,1420,1425,1548,1551,US,378,N897��,88,86,75,-3,-5,CLE,CLT,430,5,8,0,NA,0,NA,NA,NA,NA,NA
2001,1,27,6,1420,1425,1542,1551,US,378,N898��,82,86,68,-9,-5,CLE,CLT,430,3,11,0,NA,0,NA,NA,NA,NA,NA
2001,1,28,7,1419,1425,1536,1551,US,378,N863��,77,86,62,-15,-6,CLE,CLT,430,8,7,0,NA,0,NA,NA,NA,NA,NA
2001,1,29,1,1419,1425,1548,1551,US,378,N892��,89,86,72,-3,-6,CLE,CLT,430,5,12,0,NA,0,NA,NA,NA,NA,NA
2001,1,30,2,1419,1425,1555,1551,US,378,N444��,96,86,72,4,-6,CLE,CLT,430,16,8,0,NA,0,NA,NA,NA,NA,NA
2001,1,31,3,1421,1425,1545,1551,US,378,N853��,84,86,73,-6,-4,CLE,CLT,430,5,6,0,NA,0,NA,NA,NA,NA,NA
2001,1,1,1,1650,1650,1733,1744,US,378,N896��,43,54,31,-11,0,CLT,ILM,185,4,8,0,NA,0,NA,NA,NA,NA,NA
2001,1,2,2,1652,1650,1742,1744,US,378,N882��,50,54,34,-2,2,CLT,ILM,185,6,10,0,NA,0,NA,NA,NA,NA,NA
2001,1,3,3,1650,1650,1736,1744,US,378,N859��,46,54,32,-8,0,CLT,ILM,185,6,8,0,NA,0,NA,NA,NA,NA,NA
2001,1,4,4,1648,1650,1734,1744,US,378,N869��,46,54,33,-10,-2,CLT,ILM,185,5,8,0,NA,0,NA,NA,NA,NA,NA
2001,1,5,5,1715,1650,1800,1744,US,378,N867��,45,54,31,16,25,CLT,ILM,185,3,11,0,NA,0,NA,NA,NA,NA,NA
2001,1,6,6,1647,1650,1728,1744,US,378,N897��,41,54,30,-16,-3,CLT,ILM,185,5,6,0,NA,0,NA,NA,NA,NA,NA
2001,1,7,7,1648,1650,1753,1745,US,378,N862��,65,55,32,8,-2,CLT,ILM,185,6,27,0,NA,0,NA,NA,NA,NA,NA
2001,1,8,1,1648,1650,1739,1745,US,378,N892��,51,55,35,-6,-2,CLT,ILM,185,4,12,0,NA,0,NA,NA,NA,NA,NA
2001,1,9,2,1650,1650,1749,1745,US,378,N885��,59,55,36,4,0,CLT,ILM,185,7,16,0,NA,0,NA,NA,NA,NA,NA
2001,1,10,3,1648,1650,1739,1745,US,378,N865��,51,55,35,-6,-2,CLT,ILM,185,5,11,0,NA,0,NA,NA,NA,NA,NA
2001,1,11,4,1645,1650,1730,1745,US,378,N898��,45,55,33,-15,-5,CLT,ILM,185,3,9,0,NA,0,NA,NA,NA,NA,NA
2001,1,12,5,1651,1650,1742,1745,US,378,N884��,51,55,34,-3,1,CLT,ILM,185,6,11,0,NA,0,NA,NA,NA,NA,NA
2001,1,13,6,1647,1650,1736,1745,US,378,N865��,49,55,34,-9,-3,CLT,ILM,185,5,10,0,NA,0,NA,NA,NA,NA,NA
2001,1,14,7,1651,1650,1740,1745,US,378,N856��,49,55,33,-5,1,CLT,ILM,185,5,11,0,NA,0,NA,NA,NA,NA,NA
2001,1,15,1,1724,1650,1805,1745,US,378,N880��,41,55,28,20,34,CLT,ILM,185,3,10,0,NA,0,NA,NA,NA,NA,NA
2001,1,16,2,1649,1650,1747,1745,US,378,N864��,58,55,34,2,-1,CLT,ILM,185,9,15,0,NA,0,NA,NA,NA,NA,NA
2001,1,17,3,NA,1650,NA,1745,US,378,�NKNO�,NA,55,NA,NA,NA,CLT,ILM,185,0,0,1,NA,0,NA,NA,NA,NA,NA
2001,1,18,4,1647,1650,1738,1745,US,378,N859��,51,55,38,-7,-3,CLT,ILM,185,5,8,0,NA,0,NA,NA,NA,NA,NA
2001,1,19,5,1740,1650,1846,1745,US,378,N885��,66,55,36,61,50,CLT,ILM,185,2,28,0,NA,0,NA,NA,NA,NA,NA
2001,1,20,6,1650,1650,1750,1745,US,378,N862��,60,55,38,5,0,CLT,ILM,185,3,19,0,NA,0,NA,NA,NA,NA,NA
2001,1,21,7,1732,1650,1817,1745,US,378,N853��,45,55,29,32,42,CLT,ILM,185,3,13,0,NA,0,NA,NA,NA,NA,NA
2001,1,22,1,1650,1650,1746,1745,US,378,N776A�,56,55,35,1,0,CLT,ILM,185,4,17,0,NA,0,NA,NA,NA,NA,NA
2001,1,23,2,1647,1650,1732,1745,US,378,N862��,45,55,32,-13,-3,CLT,ILM,185,5,8,0,NA,0,NA,NA,NA,NA,NA
2001,1,24,3,1651,1650,1743,1745,US,378,N867��,52,55,31,-2,1,CLT,ILM,185,3,18,0,NA,0,NA,NA,NA,NA,NA
2001,1,25,4,NA,1650,NA,1745,US,378,�NKNO�,NA,55,NA,NA,NA,CLT,ILM,185,0,0,1,NA,0,NA,NA,NA,NA,NA
2001,1,26,5,1648,1650,1731,1745,US,378,N897��,43,55,31,-14,-2,CLT,ILM,185,2,10,0,NA,0,NA,NA,NA,NA,NA
2001,1,27,6,1647,1650,1732,1745,US,378,N898��,45,55,31,-13,-3,CLT,ILM,185,6,8,0,NA,0,NA,NA,NA,NA,NA
2001,1,28,7,1647,1650,1727,1745,US,378,N863��,40,55,30,-18,-3,CLT,ILM,185,3,7,0,NA,0,NA,NA,NA,NA,NA
2001,1,29,1,1647,1650,1732,1745,US,378,N892��,45,55,31,-13,-3,CLT,ILM,185,2,12,0,NA,0,NA,NA,NA,NA,NA
2001,1,30,2,1651,1650,1738,1745,US,378,N890��,47,55,33,-7,1,CLT,ILM,185,2,12,0,NA,0,NA,NA,NA,NA,NA
2001,1,31,3,NA,1650,NA,1745,US,378,�NKNO�,NA,55,NA,NA,NA,CLT,ILM,185,0,0,1,NA,0,NA,NA,NA,NA,NA
2001,1,1,1,1319,1255,1539,1516,US,379,N880��,80,81,64,23,24,MKE,PIT,431,6,10,0,NA,0,NA,NA,NA,NA,NA
2001,1,2,2,NA,1255,NA,1516,US,379,�NKNO�,NA,81,NA,NA,NA,MKE,PIT,431,0,0,1,NA,0,NA,NA,NA,NA,NA
2001,1,3,3,1252,1255,1510,1516,US,379,N891��,78,81,65,-6,-3,MKE,PIT,431,6,7,0,NA,0,NA,NA,NA,NA,NA
2001,1,4,4,1301,1255,1514,1516,US,379,N868��,73,81,62,-2,6,MKE,PIT,431,4,7,0,NA,0,NA,NA,NA,NA,NA
2001,1,5,5,1327,1255,1548,1516,US,379,-N922�,81,81,66,32,32,MKE,PIT,431,6,9,0,NA,0,NA,NA,NA,NA,NA
2001,1,6,6,1248,1255,1500,1516,US,379,N856��,72,81,56,-16,-7,MKE,PIT,431,8,8,0,NA,0,NA,NA,NA,NA,NA
2001,1,7,7,1318,1255,1532,1516,US,379,N860��,74,81,60,16,23,MKE,PIT,431,6,8,0,NA,0,NA,NA,NA,NA,NA
2001,1,8,1,1252,1255,1516,1516,US,379,N856��,84,81,67,0,-3,MKE,PIT,431,4,13,0,NA,0,NA,NA,NA,NA,NA
2001,1,9,2,1255,1255,1513,1516,US,379,N867��,78,81,62,-3,0,MKE,PIT,431,4,12,0,NA,0,NA,NA,NA,NA,NA
2001,1,10,3,1255,1255,1501,1516,US,379,N851��,66,81,58,-15,0,MKE,PIT,431,3,5,0,NA,0,NA,NA,NA,NA,NA
2001,1,11,4,1254,1255,1512,1516,US,379,N867��,78,81,65,-4,-1,MKE,PIT,431,5,8,0,NA,0,NA,NA,NA,NA,NA
2001,1,12,5,1250,1255,1506,1516,US,379,N880��,76,81,64,-10,-5,MKE,PIT,431,5,7,0,NA,0,NA,NA,NA,NA,NA
2001,1,13,6,NA,1255,NA,1516,US,379,�NKNO�,NA,81,NA,NA,NA,MKE,PIT,431,0,0,1,NA,0,NA,NA,NA,NA,NA
2001,1,14,7,1304,1255,1536,1516,US,379,N854��,92,81,67,20,9,MKE,PIT,431,7,18,0,NA,0,NA,NA,NA,NA,NA
2001,1,15,1,1249,1255,1500,1516,US,379,N899��,71,81,59,-16,-6,MKE,PIT,431,4,8,0,NA,0,NA,NA,NA,NA,NA
2001,1,16,2,1253,1255,1508,1516,US,379,N898��,75,81,66,-8,-2,MKE,PIT,431,4,5,0,NA,0,NA,NA,NA,NA,NA
2001,1,17,3,1248,1255,1505,1516,US,379,N863��,77,81,62,-11,-7,MKE,PIT,431,6,9,0,NA,0,NA,NA,NA,NA,NA
2001,1,18,4,1250,1255,1501,1516,US,379,N853��,71,81,57,-15,-5,MKE,PIT,431,4,10,0,NA,0,NA,NA,NA,NA,NA
2001,1,19,5,1335,1255,1549,1516,US,379,N507A�,74,81,61,33,40,MKE,PIT,431,3,10,0,NA,0,NA,NA,NA,NA,NA
2001,1,20,6,1252,1255,1512,1516,US,379,N853��,80,81,68,-4,-3,MKE,PIT,431,4,8,0,NA,0,NA,NA,NA,NA,NA
2001,1,21,7,1253,1255,1513,1516,US,379,N887��,80,81,63,-3,-2,MKE,PIT,431,7,10,0,NA,0,NA,NA,NA,NA,NA
2001,1,22,1,1248,1255,1503,1516,US,379,N850��,75,81,64,-13,-7,MKE,PIT,431,5,6,0,NA,0,NA,NA,NA,NA,NA
2001,1,23,2,1305,1255,1519,1516,US,379,N860��,74,81,63,3,10,MKE,PIT,431,3,8,0,NA,0,NA,NA,NA,NA,NA
2001,1,24,3,1250,1255,1511,1516,US,379,N866��,81,81,66,-5,-5,MKE,PIT,431,6,9,0,NA,0,NA,NA,NA,NA,NA
2001,1,25,4,1251,1255,1511,1516,US,379,N855��,80,81,65,-5,-4,MKE,PIT,431,3,12,0,NA,0,NA,NA,NA,NA,NA
2001,1,26,5,1250,1255,1511,1516,US,379,N868��,81,81,66,-5,-5,MKE,PIT,431,4,11,0,NA,0,NA,NA,NA,NA,NA
2001,1,27,6,1253,1255,1503,1516,US,379,N882��,70,81,63,-13,-2,MKE,PIT,431,2,5,0,NA,0,NA,NA,NA,NA,NA
2001,1,28,7,1252,1255,1502,1516,US,379,N858��,70,81,57,-14,-3,MKE,PIT,431,5,8,0,NA,0,NA,NA,NA,NA,NA
2001,1,29,1,1251,1255,1504,1516,US,379,N888A�,73,81,61,-12,-4,MKE,PIT,431,4,8,0,NA,0,NA,NA,NA,NA,NA
2001,1,30,2,1250,1255,1508,1516,US,379,N896��,78,81,64,-8,-5,MKE,PIT,431,3,11,0,NA,0,NA,NA,NA,NA,NA
2001,1,31,3,1248,1255,1459,1516,US,379,N893��,71,81,61,-17,-7,MKE,PIT,431,4,6,0,NA,0,NA,NA,NA,NA,NA
2001,1,1,1,1726,1635,1850,1800,US,379,N869��,84,85,64,50,51,PIT,HPN,345,4,16,0,NA,0,NA,NA,NA,NA,NA
2001,1,2,2,NA,1635,NA,1800,US,379,�NKNO�,NA,85,NA,NA,NA,PIT,HPN,345,0,0,1,NA,0,NA,NA,NA,NA,NA
2001,1,3,3,1631,1635,1753,1800,US,379,N884��,82,85,64,-7,-4,PIT,HPN,345,5,13,0,NA,0,NA,NA,NA,NA,NA
2001,1,4,4,1632,1635,1756,1800,US,379,N868��,84,85,65,-4,-3,PIT,HPN,345,4,15,0,NA,0,NA,NA,NA,NA,NA
2001,1,5,5,NA,1635,NA,1800,US,379,�NKNO�,NA,85,NA,NA,NA,PIT,HPN,345,0,0,1,NA,0,NA,NA,NA,NA,NA
2001,1,6,6,1632,1635,1754,1800,US,379,N856��,82,85,63,-6,-3,PIT,HPN,345,4,15,0,NA,0,NA,NA,NA,NA,NA
2001,1,7,7,1633,1635,1741,1800,US,379,N886��,68,85,53,-19,-2,PIT,HPN,345,6,9,0,NA,0,NA,NA,NA,NA,NA
2001,1,8,1,1630,1635,1749,1800,US,379,N856��,79,85,61,-11,-5,PIT,HPN,345,5,13,0,NA,0,NA,NA,NA,NA,NA
2001,1,9,2,1628,1635,1752,1800,US,379,N867��,84,85,69,-8,-7,PIT,HPN,345,4,11,0,NA,0,NA,NA,NA,NA,NA
2001,1,10,3,1638,1635,1808,1800,US,379,N851��,90,85,67,8,3,PIT,HPN,345,4,19,0,NA,0,NA,NA,NA,NA,NA
2001,1,11,4,1632,1635,1804,1800,US,379,N867��,92,85,66,4,-3,PIT,HPN,345,10,16,0,NA,0,NA,NA,NA,NA,NA
2001,1,12,5,1631,1635,1757,1800,US,379,N880��,86,85,70,-3,-4,PIT,HPN,345,4,12,0,NA,0,NA,NA,NA,NA,NA
2001,1,13,6,1632,1635,1752,1800,US,379,N880��,80,85,64,-8,-3,PIT,HPN,345,3,13,0,NA,0,NA,NA,NA,NA,NA
2001,1,14,7,1650,1635,1805,1800,US,379,N854��,75,85,57,5,15,PIT,HPN,345,3,15,0,NA,0,NA,NA,NA,NA,NA
2001,1,15,1,1710,1635,1837,1800,US,379,N890��,87,85,72,37,35,PIT,HPN,345,4,11,0,NA,0,NA,NA,NA,NA,NA
2001,1,16,2,1631,1635,1752,1800,US,379,N898��,81,85,62,-8,-4,PIT,HPN,345,4,15,0,NA,0,NA,NA,NA,NA,NA
2001,1,17,3,NA,1635,NA,1800,US,379,�NKNO�,NA,85,NA,NA,NA,PIT,HPN,345,0,0,1,NA,0,NA,NA,NA,NA,NA
2001,1,18,4,1703,1635,1848,1800,US,379,N898��,105,85,51,48,28,PIT,HPN,345,43,11,0,NA,0,NA,NA,NA,NA,NA
2001,1,19,5,1728,1635,1905,1800,US,379,N898��,97,85,57,65,53,PIT,HPN,345,16,24,0,NA,0,NA,NA,NA,NA,NA
2001,1,20,6,1638,1635,1812,1800,US,379,N853��,94,85,66,12,3,PIT,HPN,345,4,24,0,NA,0,NA,NA,NA,NA,NA
2001,1,21,7,NA,1635,NA,1800,US,379,�NKNO�,NA,85,NA,NA,NA,PIT,HPN,345,0,0,1,NA,0,NA,NA,NA,NA,NA
2001,1,22,1,1727,1635,1841,1800,US,379,N857��,74,85,61,41,52,PIT,HPN,345,4,9,0,NA,0,NA,NA,NA,NA,NA
2001,1,23,2,1648,1635,1805,1800,US,379,N868��,77,85,63,5,13,PIT,HPN,345,5,9,0,NA,0,NA,NA,NA,NA,NA
2001,1,24,3,1630,1635,1756,1800,US,379,N857��,86,85,64,-4,-5,PIT,HPN,345,4,18,0,NA,0,NA,NA,NA,NA,NA
2001,1,25,4,1630,1635,1812,1800,US,379,N855��,102,85,73,12,-5,PIT,HPN,345,14,15,0,NA,0,NA,NA,NA,NA,NA
2001,1,26,5,1626,1635,1747,1800,US,379,N868��,81,85,67,-13,-9,PIT,HPN,345,5,9,0,NA,0,NA,NA,NA,NA,NA
2001,1,27,6,1632,1635,1808,1800,US,379,N882��,96,85,64,8,-3,PIT,HPN,345,3,29,0,NA,0,NA,NA,NA,NA,NA
2001,1,28,7,1630,1635,1749,1800,US,379,N858��,79,85,63,-11,-5,PIT,HPN,345,3,13,0,NA,0,NA,NA,NA,NA,NA
2001,1,29,1,1631,1635,1752,1800,US,379,N888A�,81,85,57,-8,-4,PIT,HPN,345,11,13,0,NA,0,NA,NA,NA,NA,NA
2001,1,30,2,1634,1635,1802,1800,US,379,N896��,88,85,64,2,-1,PIT,HPN,345,5,19,0,NA,0,NA,NA,NA,NA,NA
2001,1,31,3,NA,1635,NA,1800,US,379,�NKNO�,NA,85,NA,NA,NA,PIT,HPN,345,0,0,1,NA,0,NA,NA,NA,NA,NA
2001,1,1,1,1029,1027,1247,1255,US,380,N516A�,138,148,122,-8,2,TPA,PHL,920,3,13,0,NA,0,NA,NA,NA,NA,NA
2001,1,2,2,1046,1027,1315,1255,US,380,N390��,149,148,133,20,19,TPA,PHL,920,6,10,0,NA,0,NA,NA,NA,NA,NA
2001,1,3,3,1056,1027,1313,1255,US,380,N531A�,137,148,126,18,29,TPA,PHL,920,2,9,0,NA,0,NA,NA,NA,NA,NA
2001,1,4,4,1027,1027,1320,1255,US,380,N336��,173,148,157,25,0,TPA,PHL,920,4,12,0,NA,0,NA,NA,NA,NA,NA
2001,1,5,5,1101,1027,1354,1255,US,380,N371��,173,148,137,59,34,TPA,PHL,920,9,27,0,NA,0,NA,NA,NA,NA,NA
2001,1,6,6,1029,1027,1312,1255,US,380,N346��,163,148,142,17,2,TPA,PHL,920,4,17,0,NA,0,NA,NA,NA,NA,NA
2001,1,7,7,1025,1028,1246,1256,US,380,N384��,141,148,121,-10,-3,TPA,PHL,920,8,12,0,NA,0,NA,NA,NA,NA,NA
2001,1,8,1,1024,1028,1241,1256,US,380,N530A�,137,148,118,-15,-4,TPA,PHL,920,6,13,0,NA,0,NA,NA,NA,NA,NA
2001,1,9,2,1020,1028,1246,1256,US,380,N390��,146,148,132,-10,-8,TPA,PHL,920,4,10,0,NA,0,NA,NA,NA,NA,NA
2001,1,10,3,1023,1028,1334,1256,US,380,N335��,191,148,177,38,-5,TPA,PHL,920,5,9,0,NA,0,NA,NA,NA,NA,NA
2001,1,11,4,1029,1028,1304,1256,US,380,N351��,155,148,135,8,1,TPA,PHL,920,12,8,0,NA,0,NA,NA,NA,NA,NA
2001,1,12,5,1025,1028,1304,1256,US,380,N336��,159,148,144,8,-3,TPA,PHL,920,4,11,0,NA,0,NA,NA,NA,NA,NA
2001,1,13,6,1025,1028,1305,1256,US,380,N338��,160,148,145,9,-3,TPA,PHL,920,7,8,0,NA,0,NA,NA,NA,NA,NA
2001,1,14,7,1024,1028,1256,1256,US,380,N395��,152,148,134,0,-4,TPA,PHL,920,4,14,0,NA,0,NA,NA,NA,NA,NA
2001,1,15,1,1030,1028,1255,1256,US,380,N531A�,145,148,129,-1,2,TPA,PHL,920,4,12,0,NA,0,NA,NA,NA,NA,NA
2001,1,16,2,1024,1028,1245,1256,US,380,N525A�,141,148,124,-11,-4,TPA,PHL,920,9,8,0,NA,0,NA,NA,NA,NA,NA
2001,1,17,3,1025,1028,1253,1256,US,380,N340��,148,148,132,-3,-3,TPA,PHL,920,7,9,0,NA,0,NA,NA,NA,NA,NA
2001,1,18,4,1025,1028,1303,1256,US,380,N505A�,158,148,138,7,-3,TPA,PHL,920,8,12,0,NA,0,NA,NA,NA,NA,NA
2001,1,19,5,1051,1028,1332,1256,US,380,N534A�,161,148,117,36,23,TPA,PHL,920,7,37,0,NA,0,NA,NA,NA,NA,NA
2001,1,20,6,1028,1028,1226,1256,US,380,N373��,118,148,106,-30,0,TPA,PHL,920,4,8,0,NA,0,NA,NA,NA,NA,NA
2001,1,21,7,1030,1028,1258,1256,US,380,N534A�,148,148,124,2,2,TPA,PHL,920,11,13,0,NA,0,NA,NA,NA,NA,NA
2001,1,22,1,1031,1028,1251,1256,US,380,N518A�,140,148,119,-5,3,TPA,PHL,920,8,13,0,NA,0,NA,NA,NA,NA,NA
2001,1,23,2,1025,1028,1256,1256,US,380,N577��,151,148,136,0,-3,TPA,PHL,920,4,11,0,NA,0,NA,NA,NA,NA,NA
2001,1,24,3,1028,1028,1247,1256,US,380,N445��,139,148,126,-9,0,TPA,PHL,920,5,8,0,NA,0,NA,NA,NA,NA,NA
2001,1,28,7,1030,1028,1301,1256,US,380,N590��,151,148,138,5,2,TPA,PHL,920,4,9,0,NA,0,NA,NA,NA,NA,NA
2001,1,31,3,1030,1028,1246,1256,US,380,N387��,136,148,116,-10,2,TPA,PHL,920,8,12,0,NA,0,NA,NA,NA,NA,NA
2001,1,1,1,959,1000,1320,1257,US,383,N777A�,201,177,156,23,-1,PHL,MIA,1013,18,27,0,NA,0,NA,NA,NA,NA,NA
2001,1,2,2,1002,1000,1243,1257,US,383,N443��,161,177,144,-14,2,PHL,MIA,1013,5,12,0,NA,0,NA,NA,NA,NA,NA
2001,1,3,3,1018,1000,1300,1257,US,383,N780A�,162,177,140,3,18,PHL,MIA,1013,7,15,0,NA,0,NA,NA,NA,NA,NA
2001,1,4,4,1002,1000,1246,1257,US,383,N775A�,164,177,135,-11,2,PHL,MIA,1013,14,15,0,NA,0,NA,NA,NA,NA,NA
2001,1,5,5,958,1000,1245,1257,US,383,N421��,167,177,146,-12,-2,PHL,MIA,1013,9,12,0,NA,0,NA,NA,NA,NA,NA
2001,1,6,6,1003,1000,1237,1257,US,383,N781A�,154,177,125,-20,3,PHL,MIA,1013,17,12,0,NA,0,NA,NA,NA,NA,NA
2001,1,7,7,954,1000,1253,1259,US,383,N415��,179,179,146,-6,-6,PHL,MIA,1013,10,23,0,NA,0,NA,NA,NA,NA,NA
2001,1,8,1,958,1000,1259,1259,US,383,N784A�,181,179,149,0,-2,PHL,MIA,1013,5,27,0,NA,0,NA,NA,NA,NA,NA
2001,1,9,2,957,1000,1254,1259,US,383,N777A�,177,179,154,-5,-3,PHL,MIA,1013,6,17,0,NA,0,NA,NA,NA,NA,NA
2001,1,10,3,1001,1000,1247,1259,US,383,N449��,166,179,140,-12,1,PHL,MIA,1013,4,22,0,NA,0,NA,NA,NA,NA,NA
2001,1,11,4,958,1000,1237,1259,US,383,N776A�,159,179,134,-22,-2,PHL,MIA,1013,3,22,0,NA,0,NA,NA,NA,NA,NA
2001,1,12,5,956,1000,1230,1259,US,383,N785A�,154,179,132,-29,-4,PHL,MIA,1013,4,18,0,NA,0,NA,NA,NA,NA,NA
2001,1,13,6,958,1000,1246,1259,US,383,N778A�,168,179,127,-13,-2,PHL,MIA,1013,26,15,0,NA,0,NA,NA,NA,NA,NA
2001,1,14,7,1005,1000,1257,1259,US,383,N776A�,172,179,143,-2,5,PHL,MIA,1013,5,24,0,NA,0,NA,NA,NA,NA,NA
2001,1,15,1,1000,1000,1253,1259,US,383,N785A�,173,179,143,-6,0,PHL,MIA,1013,6,24,0,NA,0,NA,NA,NA,NA,NA
2001,1,16,2,956,1000,1237,1259,US,383,N436��,161,179,144,-22,-4,PHL,MIA,1013,3,14,0,NA,0,NA,NA,NA,NA,NA
2001,1,17,3,954,1000,1248,1259,US,383,N785A�,174,179,143,-11,-6,PHL,MIA,1013,4,27,0,NA,0,NA,NA,NA,NA,NA
2001,1,18,4,957,1000,1257,1259,US,383,N779A�,180,179,143,-2,-3,PHL,MIA,1013,5,32,0,NA,0,NA,NA,NA,NA,NA
2001,1,19,5,1007,1000,1245,1259,US,383,N415��,158,179,142,-14,7,PHL,MIA,1013,3,13,0,NA,0,NA,NA,NA,NA,NA
2001,1,20,6,1000,1000,1400,1259,US,383,N776A�,240,179,202,61,0,PHL,MIA,1013,10,28,0,NA,0,NA,NA,NA,NA,NA
2001,1,21,7,1047,1000,1338,1259,US,383,N777A�,171,179,146,39,47,PHL,MIA,1013,7,18,0,NA,0,NA,NA,NA,NA,NA
2001,1,22,1,959,1000,1320,1259,US,383,N778A�,201,179,176,21,-1,PHL,MIA,1013,5,20,0,NA,0,NA,NA,NA,NA,NA
2001,1,23,2,952,1000,1255,1259,US,383,N448��,183,179,136,-4,-8,PHL,MIA,1013,6,41,0,NA,0,NA,NA,NA,NA,NA
2001,1,24,3,953,1000,1302,1259,US,383,N784A�,189,179,148,3,-7,PHL,MIA,1013,8,33,0,NA,0,NA,NA,NA,NA,NA
2001,1,25,4,956,1000,1321,1259,US,383,N776A�,205,179,139,22,-4,PHL,MIA,1013,9,57,0,NA,0,NA,NA,NA,NA,NA
2001,1,26,5,1000,1000,1241,1259,US,383,N777A�,161,179,135,-18,0,PHL,MIA,1013,5,21,0,NA,0,NA,NA,NA,NA,NA
2001,1,27,6,1001,1000,1248,1259,US,383,N420��,167,179,140,-11,1,PHL,MIA,1013,3,24,0,NA,0,NA,NA,NA,NA,NA
2001,1,28,7,1033,1000,1300,1259,US,383,N783A�,147,179,133,1,33,PHL,MIA,1013,4,10,0,NA,0,NA,NA,NA,NA,NA
2001,1,29,1,954,1000,1247,1259,US,383,N779A�,173,179,142,-12,-6,PHL,MIA,1013,6,25,0,NA,0,NA,NA,NA,NA,NA
2001,1,30,2,1040,1000,1350,1259,US,383,N779A�,190,179,150,51,40,PHL,MIA,1013,5,35,0,NA,0,NA,NA,NA,NA,NA
2001,1,31,3,956,1000,1252,1259,US,383,N413��,176,179,152,-7,-4,PHL,MIA,1013,4,20,0,NA,0,NA,NA,NA,NA,NA
2001,1,1,1,1520,1520,1544,1544,US,385,N858��,84,84,66,0,0,CLT,BNA,329,7,11,0,NA,0,NA,NA,NA,NA,NA
2001,1,2,2,1515,1520,1535,1544,US,385,N869��,80,84,65,-9,-5,CLT,BNA,329,4,11,0,NA,0,NA,NA,NA,NA,NA
2001,1,3,3,1515,1520,1533,1544,US,385,N888A�,78,84,60,-11,-5,CLT,BNA,329,5,13,0,NA,0,NA,NA,NA,NA,NA
2001,1,4,4,NA,1520,NA,1544,US,385,�NKNO�,NA,84,NA,NA,NA,CLT,BNA,329,0,0,1,NA,0,NA,NA,NA,NA,NA
2001,1,5,5,1519,1520,1537,1544,US,385,N859��,78,84,65,-7,-1,CLT,BNA,329,4,9,0,NA,0,NA,NA,NA,NA,NA
2001,1,6,6,1526,1520,1554,1544,US,385,N395��,88,84,61,10,6,CLT,BNA,329,8,19,0,NA,0,NA,NA,NA,NA,NA
2001,1,7,7,1522,1520,1541,1545,US,385,N897��,79,85,63,-4,2,CLT,BNA,329,4,12,0,NA,0,NA,NA,NA,NA,NA
2001,1,8,1,1516,1520,1539,1545,US,385,N897��,83,85,65,-6,-4,CLT,BNA,329,4,14,0,NA,0,NA,NA,NA,NA,NA
2001,1,9,2,1516,1520,1529,1545,US,385,N861��,73,85,57,-16,-4,CLT,BNA,329,3,13,0,NA,0,NA,NA,NA,NA,NA
2001,1,10,3,1534,1520,1546,1545,US,385,N891��,72,85,56,1,14,CLT,BNA,329,6,10,0,NA,0,NA,NA,NA,NA,NA
2001,1,11,4,1517,1520,1539,1545,US,385,N890��,82,85,62,-6,-3,CLT,BNA,329,5,15,0,NA,0,NA,NA,NA,NA,NA
2001,1,12,5,1518,1520,1531,1545,US,385,N889��,73,85,60,-14,-2,CLT,BNA,329,3,10,0,NA,0,NA,NA,NA,NA,NA
2001,1,14,7,1518,1520,1542,1545,US,385,N890��,84,85,66,-3,-2,CLT,BNA,329,6,12,0,NA,0,NA,NA,NA,NA,NA
2001,1,15,1,1520,1520,1537,1545,US,385,N893��,77,85,63,-8,0,CLT,BNA,329,6,8,0,NA,0,NA,NA,NA,NA,NA
2001,1,16,2,1519,1520,1539,1545,US,385,N884��,80,85,63,-6,-1,CLT,BNA,329,3,14,0,NA,0,NA,NA,NA,NA,NA
2001,1,17,3,1516,1520,1534,1545,US,385,N894��,78,85,64,-11,-4,CLT,BNA,329,4,10,0,NA,0,NA,NA,NA,NA,NA
2001,1,18,4,1517,1520,1552,1545,US,385,N851��,95,85,68,7,-3,CLT,BNA,329,9,18,0,NA,0,NA,NA,NA,NA,NA
2001,1,19,5,1521,1520,1545,1545,US,385,N858��,84,85,72,0,1,CLT,BNA,329,3,9,0,NA,0,NA,NA,NA,NA,NA
2001,1,21,7,1517,1520,1536,1545,US,385,N895��,79,85,64,-9,-3,CLT,BNA,329,3,12,0,NA,0,NA,NA,NA,NA,NA
2001,1,22,1,1519,1520,1532,1545,US,385,N856��,73,85,55,-13,-1,CLT,BNA,329,4,14,0,NA,0,NA,NA,NA,NA,NA
2001,1,23,2,1516,1520,1535,1545,US,385,N882��,79,85,59,-10,-4,CLT,BNA,329,4,16,0,NA,0,NA,NA,NA,NA,NA
2001,1,24,3,1528,1520,1626,1545,US,385,N858��,118,85,104,41,8,CLT,BNA,329,4,10,0,NA,0,NA,NA,NA,NA,NA
2001,1,25,4,1515,1520,1542,1545,US,385,N896��,87,85,60,-3,-5,CLT,BNA,329,5,22,0,NA,0,NA,NA,NA,NA,NA
2001,1,26,5,1525,1520,1606,1545,US,385,N885��,101,85,72,21,5,CLT,BNA,329,6,23,0,NA,0,NA,NA,NA,NA,NA
2001,1,28,7,1518,1520,1549,1545,US,385,N855��,91,85,62,4,-2,CLT,BNA,329,5,24,0,NA,0,NA,NA,NA,NA,NA
2001,1,29,1,NA,1520,NA,1545,US,385,�NKNO�,NA,85,NA,NA,NA,CLT,BNA,329,0,0,1,NA,0,NA,NA,NA,NA,NA
2001,1,30,2,1518,1520,1540,1545,US,385,N884��,82,85,67,-5,-2,CLT,BNA,329,5,10,0,NA,0,NA,NA,NA,NA,NA
2001,1,31,3,1515,1520,1550,1545,US,385,N855��,95,85,65,5,-5,CLT,BNA,329,10,20,0,NA,0,NA,NA,NA,NA,NA
2001,1,1,1,1625,1544,1747,1739,US,387,N423��,82,115,53,8,41,LGA,PIT,335,7,22,0,NA,0,NA,NA,NA,NA,NA
2001,1,2,2,1541,1544,1723,1739,US,387,N405��,102,115,52,-16,-3,LGA,PIT,335,6,44,0,NA,0,NA,NA,NA,NA,NA
2001,1,3,3,1542,1544,1729,1739,US,387,N421��,107,115,68,-10,-2,LGA,PIT,335,18,21,0,NA,0,NA,NA,NA,NA,NA
2001,1,4,4,1541,1544,1708,1739,US,387,N428��,87,115,63,-31,-3,LGA,PIT,335,7,17,0,NA,0,NA,NA,NA,NA,NA
2001,1,5,5,1548,1544,1757,1739,US,387,N439��,129,115,60,18,4,LGA,PIT,335,12,57,0,NA,0,NA,NA,NA,NA,NA
2001,1,7,7,1543,1546,1716,1741,US,387,N418��,93,115,63,-25,-3,LGA,PIT,335,6,24,0,NA,0,NA,NA,NA,NA,NA
2001,1,8,1,NA,1546,NA,1741,US,387,�NKNO�,NA,115,NA,NA,NA,LGA,PIT,335,0,0,1,NA,0,NA,NA,NA,NA,NA
2001,1,9,2,1539,1546,1717,1741,US,387,N435��,98,115,56,-24,-7,LGA,PIT,335,6,36,0,NA,0,NA,NA,NA,NA,NA
2001,1,10,3,1543,1546,1724,1741,US,387,N433��,101,115,59,-17,-3,LGA,PIT,335,6,36,0,NA,0,NA,NA,NA,NA,NA
2001,1,11,4,1540,1546,1726,1741,US,387,N437��,106,115,60,-15,-6,LGA,PIT,335,7,39,0,NA,0,NA,NA,NA,NA,NA
2001,1,12,5,1544,1546,1742,1741,US,387,N423��,118,115,55,1,-2,LGA,PIT,335,21,42,0,NA,0,NA,NA,NA,NA,NA
2001,1,14,7,1541,1546,1719,1741,US,387,N440��,98,115,67,-22,-5,LGA,PIT,335,9,22,0,NA,0,NA,NA,NA,NA,NA
2001,1,15,1,1630,1546,1801,1741,US,387,N447��,91,115,67,20,44,LGA,PIT,335,7,17,0,NA,0,NA,NA,NA,NA,NA
2001,1,16,2,1541,1546,1722,1741,US,387,N422��,101,115,66,-19,-5,LGA,PIT,335,15,20,0,NA,0,NA,NA,NA,NA,NA
2001,1,17,3,1542,1546,1722,1741,US,387,N413��,100,115,66,-19,-4,LGA,PIT,335,11,23,0,NA,0,NA,NA,NA,NA,NA
2001,1,18,4,1544,1546,1725,1741,US,387,N435��,101,115,67,-16,-2,LGA,PIT,335,8,26,0,NA,0,NA,NA,NA,NA,NA
2001,1,19,5,1547,1546,1739,1741,US,387,N404��,112,115,89,-2,1,LGA,PIT,335,6,17,0,NA,0,NA,NA,NA,NA,NA
2001,1,21,7,NA,1546,NA,1741,US,387,�NKNO�,NA,115,NA,NA,NA,LGA,PIT,335,0,0,1,NA,0,NA,NA,NA,NA,NA
2001,1,22,1,1549,1546,1711,1741,US,387,N411��,82,115,58,-30,3,LGA,PIT,335,14,10,0,NA,0,NA,NA,NA,NA,NA
2001,1,23,2,1542,1546,1711,1741,US,387,N433��,89,115,58,-30,-4,LGA,PIT,335,9,22,0,NA,0,NA,NA,NA,NA,NA
2001,1,24,3,1543,1546,1751,1741,US,387,N418��,128,115,62,10,-3,LGA,PIT,335,7,59,0,NA,0,NA,NA,NA,NA,NA
2001,1,25,4,1543,1546,1721,1741,US,387,N430��,98,115,55,-20,-3,LGA,PIT,335,9,34,0,NA,0,NA,NA,NA,NA,NA
2001,1,26,5,1539,1546,1718,1741,US,387,N444��,99,115,70,-23,-7,LGA,PIT,335,5,24,0,NA,0,NA,NA,NA,NA,NA
2001,1,28,7,1544,1546,1714,1741,US,387,N427��,90,115,62,-27,-2,LGA,PIT,335,5,23,0,NA,0,NA,NA,NA,NA,NA
2001,1,29,1,1541,1546,1710,1741,US,387,N776A�,89,115,64,-31,-5,LGA,PIT,335,12,13,0,NA,0,NA,NA,NA,NA,NA
2001,1,30,2,1644,1546,1819,1741,US,387,N437��,95,115,60,38,58,LGA,PIT,335,8,27,0,NA,0,NA,NA,NA,NA,NA
2001,1,31,3,1539,1546,1724,1741,US,387,N422��,105,115,67,-17,-7,LGA,PIT,335,7,31,0,NA,0,NA,NA,NA,NA,NA
2001,1,1,1,1624,1620,2045,2036,US,388,N720��,201,196,156,9,4,DFW,PHL,1302,28,17,0,NA,0,NA,NA,NA,NA,NA
2001,1,2,2,1618,1620,2034,2036,US,388,N715��,196,196,169,-2,-2,DFW,PHL,1302,7,20,0,NA,0,NA,NA,NA,NA,NA
2001,1,3,3,NA,1620,NA,2036,US,388,�NKNO�,NA,196,NA,NA,NA,DFW,PHL,1302,0,0,1,NA,0,NA,NA,NA,NA,NA
2001,1,4,4,1618,1620,2040,2036,US,388,N766��,202,196,173,4,-2,DFW,PHL,1302,8,21,0,NA,0,NA,NA,NA,NA,NA
2001,1,5,5,1617,1620,2047,2036,US,388,N723��,210,196,182,11,-3,DFW,PHL,1302,5,23,0,NA,0,NA,NA,NA,NA,NA
2001,1,6,6,1616,1620,2020,2036,US,388,N722��,184,196,154,-16,-4,DFW,PHL,1302,9,21,0,NA,0,NA,NA,NA,NA,NA
2001,1,1,1,2129,2130,2208,2228,US,388,N720��,39,58,27,-20,-1,PHL,DCA,119,3,9,0,NA,0,NA,NA,NA,NA,NA
2001,1,2,2,2126,2130,2207,2228,US,388,N715��,41,58,27,-21,-4,PHL,DCA,119,4,10,0,NA,0,NA,NA,NA,NA,NA
2001,1,3,3,2132,2130,2215,2228,US,388,N728��,43,58,28,-13,2,PHL,DCA,119,4,11,0,NA,0,NA,NA,NA,NA,NA
2001,1,4,4,2147,2130,2239,2228,US,388,N766��,52,58,27,11,17,PHL,DCA,119,3,22,0,NA,0,NA,NA,NA,NA,NA
2001,1,5,5,2138,2130,2229,2228,US,388,N723��,51,58,27,1,8,PHL,DCA,119,5,19,0,NA,0,NA,NA,NA,NA,NA
2001,1,6,6,2137,2130,2217,2228,US,388,N722��,40,58,24,-11,7,PHL,DCA,119,3,13,0,NA,0,NA,NA,NA,NA,NA
2001,1,1,1,2126,2105,2257,2225,US,389,N507A�,91,80,58,32,21,BUF,LGA,292,30,3,0,NA,0,NA,NA,NA,NA,NA
2001,1,2,2,2103,2105,2213,2225,US,389,N395��,70,80,55,-12,-2,BUF,LGA,292,8,7,0,NA,0,NA,NA,NA,NA,NA
2001,1,3,3,2120,2105,2227,2225,US,389,N394��,67,80,51,2,15,BUF,LGA,292,8,8,0,NA,0,NA,NA,NA,NA,NA
2001,1,4,4,2101,2105,2214,2225,US,389,N531A�,73,80,49,-11,-4,BUF,LGA,292,10,14,0,NA,0,NA,NA,NA,NA,NA
2001,1,5,5,2135,2105,2243,2225,US,389,N395��,68,80,52,18,30,BUF,LGA,292,9,7,0,NA,0,NA,NA,NA,NA,NA
2001,1,7,7,2108,2107,2213,2229,US,389,N349��,65,82,49,-16,1,BUF,LGA,292,8,8,0,NA,0,NA,NA,NA,NA,NA
2001,1,8,1,2101,2107,2219,2229,US,389,N560A�,78,82,64,-10,-6,BUF,LGA,292,4,10,0,NA,0,NA,NA,NA,NA,NA
2001,1,9,2,2122,2107,2248,2229,US,389,N584��,86,82,73,19,15,BUF,LGA,292,6,7,0,NA,0,NA,NA,NA,NA,NA
2001,1,10,3,2129,2107,2236,2229,US,389,N526A�,67,82,56,7,22,BUF,LGA,292,4,7,0,NA,0,NA,NA,NA,NA,NA
2001,1,11,4,2101,2107,2212,2229,US,389,N383��,71,82,55,-17,-6,BUF,LGA,292,9,7,0,NA,0,NA,NA,NA,NA,NA
2001,1,12,5,2144,2107,2304,2229,US,389,N573��,80,82,54,35,37,BUF,LGA,292,13,13,0,NA,0,NA,NA,NA,NA,NA
2001,1,14,7,2054,2107,2207,2229,US,389,N334��,73,82,52,-22,-13,BUF,LGA,292,10,11,0,NA,0,NA,NA,NA,NA,NA
2001,1,15,1,2120,2107,2245,2229,US,389,N383��,85,82,54,16,13,BUF,LGA,292,8,23,0,NA,0,NA,NA,NA,NA,NA
2001,1,16,2,2100,2107,2209,2229,US,389,N591��,69,82,51,-20,-7,BUF,LGA,292,6,12,0,NA,0,NA,NA,NA,NA,NA
2001,1,17,3,2102,2107,2207,2229,US,389,N510A�,65,82,47,-22,-5,BUF,LGA,292,6,12,0,NA,0,NA,NA,NA,NA,NA
2001,1,18,4,2128,2107,2234,2229,US,389,N393��,66,82,53,5,21,BUF,LGA,292,4,9,0,NA,0,NA,NA,NA,NA,NA
2001,1,19,5,2213,2107,2315,2229,US,389,N506A�,62,82,52,46,66,BUF,LGA,292,8,2,0,NA,0,NA,NA,NA,NA,NA
2001,1,21,7,2109,2107,2217,2229,US,389,N505A�,68,82,52,-12,2,BUF,LGA,292,9,7,0,NA,0,NA,NA,NA,NA,NA
2001,1,22,1,2100,2107,2209,2229,US,389,N524A�,69,82,53,-20,-7,BUF,LGA,292,7,9,0,NA,0,NA,NA,NA,NA,NA
2001,1,23,2,2053,2107,2158,2229,US,389,N389��,65,82,49,-31,-14,BUF,LGA,292,7,9,0,NA,0,NA,NA,NA,NA,NA
2001,1,24,3,2110,2107,2215,2229,US,389,N389��,65,82,51,-14,3,BUF,LGA,292,7,7,0,NA,0,NA,NA,NA,NA,NA
2001,1,25,4,2140,2107,2256,2229,US,389,N562A�,76,82,54,27,33,BUF,LGA,292,9,13,0,NA,0,NA,NA,NA,NA,NA
2001,1,26,5,2124,2107,2230,2229,US,389,N392��,66,82,52,1,17,BUF,LGA,292,7,7,0,NA,0,NA,NA,NA,NA,NA
2001,1,28,7,2110,2107,2222,2229,US,389,N338��,72,82,56,-7,3,BUF,LGA,292,9,7,0,NA,0,NA,NA,NA,NA,NA
2001,1,29,1,2101,2107,2204,2229,US,389,N525A�,63,82,50,-25,-6,BUF,LGA,292,9,4,0,NA,0,NA,NA,NA,NA,NA
2001,1,30,2,2102,2107,2202,2229,US,389,N584��,60,82,49,-27,-5,BUF,LGA,292,6,5,0,NA,0,NA,NA,NA,NA,NA
2001,1,31,3,2102,2107,2207,2229,US,389,N521A�,65,82,50,-22,-5,BUF,LGA,292,7,8,0,NA,0,NA,NA,NA,NA,NA
2001,1,1,1,1843,1848,1955,2020,US,391,N822��,72,92,51,-25,-5,BOS,ROC,343,8,13,0,NA,0,NA,NA,NA,NA,NA
2001,1,2,2,1856,1848,2027,2020,US,391,N826��,91,92,57,7,8,BOS,ROC,343,7,27,0,NA,0,NA,NA,NA,NA,NA
2001,1,3,3,1848,1848,2015,2020,US,391,N825��,87,92,64,-5,0,BOS,ROC,343,7,16,0,NA,0,NA,NA,NA,NA,NA
2001,1,4,4,1935,1848,2103,2020,US,391,N821��,88,92,60,43,47,BOS,ROC,343,10,18,0,NA,0,NA,NA,NA,NA,NA
2001,1,5,5,1925,1848,2126,2020,US,391,N813��,121,92,57,66,37,BOS,ROC,343,8,56,0,NA,0,NA,NA,NA,NA,NA
2001,1,7,7,2041,2005,2218,2138,US,391,N827��,97,93,65,40,36,BOS,ROC,343,7,25,0,NA,0,NA,NA,NA,NA,NA
2001,1,8,1,2004,2005,2132,2138,US,391,N828��,88,93,55,-6,-1,BOS,ROC,343,7,26,0,NA,0,NA,NA,NA,NA,NA
2001,1,9,2,2038,2005,2226,2138,US,391,N809��,108,93,82,48,33,BOS,ROC,343,4,22,0,NA,0,NA,NA,NA,NA,NA
2001,1,10,3,2040,2005,2205,2138,US,391,N803��,85,93,57,27,35,BOS,ROC,343,7,21,0,NA,0,NA,NA,NA,NA,NA
2001,1,11,4,1959,2005,2138,2138,US,391,N815��,99,93,66,0,-6,BOS,ROC,343,8,25,0,NA,0,NA,NA,NA,NA,NA
2001,1,12,5,2041,2005,2202,2138,US,391,N811��,81,93,61,24,36,BOS,ROC,343,6,14,0,NA,0,NA,NA,NA,NA,NA
2001,1,14,7,1959,2005,2134,2138,US,391,N815��,95,93,62,-4,-6,BOS,ROC,343,3,30,0,NA,0,NA,NA,NA,NA,NA
2001,1,15,1,2023,2005,2157,2138,US,391,N829��,94,93,63,19,18,BOS,ROC,343,8,23,0,NA,0,NA,NA,NA,NA,NA
2001,1,16,2,2038,2005,2202,2138,US,391,N819��,84,93,60,24,33,BOS,ROC,343,6,18,0,NA,0,NA,NA,NA,NA,NA
2001,1,17,3,2007,2005,2136,2138,US,391,N820��,89,93,63,-2,2,BOS,ROC,343,4,22,0,NA,0,NA,NA,NA,NA,NA
2001,1,18,4,2005,2005,2151,2138,US,391,N829��,106,93,72,13,0,BOS,ROC,343,6,28,0,NA,0,NA,NA,NA,NA,NA
2001,1,19,5,NA,2005,NA,2138,US,391,�NKNO�,NA,93,NA,NA,NA,BOS,ROC,343,0,0,1,NA,0,NA,NA,NA,NA,NA
2001,1,21,7,2037,2005,2201,2138,US,391,N805��,84,93,57,23,32,BOS,ROC,343,6,21,0,NA,0,NA,NA,NA,NA,NA
2001,1,22,1,2000,2005,2128,2138,US,391,N809��,88,93,59,-10,-5,BOS,ROC,343,6,23,0,NA,0,NA,NA,NA,NA,NA
2001,1,23,2,2007,2005,2132,2138,US,391,N810��,85,93,59,-6,2,BOS,ROC,343,6,20,0,NA,0,NA,NA,NA,NA,NA
2001,1,24,3,2002,2005,2140,2138,US,391,N814��,98,93,63,2,-3,BOS,ROC,343,8,27,0,NA,0,NA,NA,NA,NA,NA
2001,1,25,4,2002,2005,2122,2138,US,391,N820��,80,93,57,-16,-3,BOS,ROC,343,6,17,0,NA,0,NA,NA,NA,NA,NA
2001,1,26,5,2003,2005,2124,2138,US,391,N809��,81,93,57,-14,-2,BOS,ROC,343,4,20,0,NA,0,NA,NA,NA,NA,NA
2001,1,28,7,1958,2005,2129,2138,US,391,N805��,91,93,67,-9,-7,BOS,ROC,343,7,17,0,NA,0,NA,NA,NA,NA,NA
2001,1,29,1,1956,2005,2127,2138,US,391,N810��,91,93,60,-11,-9,BOS,ROC,343,6,25,0,NA,0,NA,NA,NA,NA,NA
2001,1,30,2,NA,2005,NA,2138,US,391,�NKNO�,NA,93,NA,NA,NA,BOS,ROC,343,0,0,1,NA,0,NA,NA,NA,NA,NA
2001,1,31,3,2013,2005,2137,2138,US,391,N806��,84,93,62,-1,8,BOS,ROC,343,6,16,0,NA,0,NA,NA,NA,NA,NA
2001,1,1,1,1740,1735,1853,1847,US,392,N524A�,73,72,59,6,5,ROC,BOS,343,7,7,0,NA,0,NA,NA,NA,NA,NA
2001,1,2,2,1749,1735,1908,1847,US,392,N586��,79,72,57,21,14,ROC,BOS,343,17,5,0,NA,0,NA,NA,NA,NA,NA
2001,1,3,3,1728,1735,1852,1847,US,392,N342��,84,72,49,5,-7,ROC,BOS,343,11,24,0,NA,0,NA,NA,NA,NA,NA
2001,1,4,4,1732,1735,1849,1847,US,392,N383��,77,72,58,2,-3,ROC,BOS,343,8,11,0,NA,0,NA,NA,NA,NA,NA
2001,1,5,5,1729,1735,1855,1847,US,392,N577��,86,72,56,8,-6,ROC,BOS,343,12,18,0,NA,0,NA,NA,NA,NA,NA
2001,1,7,7,1727,1736,1838,1851,US,392,N584��,71,75,50,-13,-9,ROC,BOS,343,13,8,0,NA,0,NA,NA,NA,NA,NA
2001,1,8,1,1732,1736,1848,1851,US,392,N591��,76,75,59,-3,-4,ROC,BOS,343,10,7,0,NA,0,NA,NA,NA,NA,NA
2001,1,9,2,NA,1736,NA,1851,US,392,�NKNO�,NA,75,NA,NA,NA,ROC,BOS,343,0,0,1,NA,0,NA,NA,NA,NA,NA
2001,1,10,3,1730,1736,1841,1851,US,392,N585��,71,75,48,-10,-6,ROC,BOS,343,11,12,0,NA,0,NA,NA,NA,NA,NA
2001,1,11,4,1730,1736,1844,1851,US,392,N588��,74,75,55,-7,-6,ROC,BOS,343,9,10,0,NA,0,NA,NA,NA,NA,NA
2001,1,12,5,1733,1736,1847,1851,US,392,N393��,74,75,54,-4,-3,ROC,BOS,343,10,10,0,NA,0,NA,NA,NA,NA,NA
2001,1,14,7,1730,1736,1850,1851,US,392,N518A�,80,75,49,-1,-6,ROC,BOS,343,17,14,0,NA,0,NA,NA,NA,NA,NA
2001,1,15,1,1930,1736,2100,1851,US,392,N395��,90,75,63,129,114,ROC,BOS,343,21,6,0,NA,0,NA,NA,NA,NA,NA
2001,1,16,2,1728,1736,1835,1851,US,392,N339��,67,75,52,-16,-8,ROC,BOS,343,7,8,0,NA,0,NA,NA,NA,NA,NA
2001,1,17,3,1731,1736,1857,1851,US,392,N525A�,86,75,52,6,-5,ROC,BOS,343,12,22,0,NA,0,NA,NA,NA,NA,NA
2001,1,18,4,1753,1736,1903,1851,US,392,N507A�,70,75,58,12,17,ROC,BOS,343,7,5,0,NA,0,NA,NA,NA,NA,NA
2001,1,19,5,1837,1736,2017,1851,US,392,N387��,100,75,64,86,61,ROC,BOS,343,11,25,0,NA,0,NA,NA,NA,NA,NA
2001,1,21,7,1823,1736,1930,1851,US,392,N577��,67,75,56,39,47,ROC,BOS,343,7,4,0,NA,0,NA,NA,NA,NA,NA
2001,1,22,1,1731,1736,1842,1851,US,392,N588��,71,75,49,-9,-5,ROC,BOS,343,14,8,0,NA,0,NA,NA,NA,NA,NA
2001,1,23,2,1728,1736,1837,1851,US,392,N531A�,69,75,50,-14,-8,ROC,BOS,343,12,7,0,NA,0,NA,NA,NA,NA,NA
2001,1,24,3,1729,1736,1905,1851,US,392,N351��,96,75,61,14,-7,ROC,BOS,343,18,17,0,NA,0,NA,NA,NA,NA,NA
2001,1,25,4,1734,1736,1855,1851,US,392,N515A�,81,75,62,4,-2,ROC,BOS,343,12,7,0,NA,0,NA,NA,NA,NA,NA
2001,1,26,5,1730,1736,1840,1851,US,392,N517A�,70,75,52,-11,-6,ROC,BOS,343,10,8,0,NA,0,NA,NA,NA,NA,NA
2001,1,28,7,1828,1736,1931,1851,US,392,N504A�,63,75,52,40,52,ROC,BOS,343,8,3,0,NA,0,NA,NA,NA,NA,NA
2001,1,29,1,1829,1736,1943,1851,US,392,N559A�,74,75,52,52,53,ROC,BOS,343,9,13,0,NA,0,NA,NA,NA,NA,NA
2001,1,30,2,NA,1736,NA,1851,US,392,�NKNO�,NA,75,NA,NA,NA,ROC,BOS,343,0,0,1,NA,0,NA,NA,NA,NA,NA
2001,1,31,3,1728,1736,1916,1851,US,392,N336��,108,75,91,25,-8,ROC,BOS,343,9,8,0,NA,0,NA,NA,NA,NA,NA
2001,1,2,2,725,730,840,848,US,393,N723��,75,78,63,-8,-5,DCA,CLT,331,4,8,0,NA,0,NA,NA,NA,NA,NA
2001,1,3,3,728,730,905,848,US,393,N700��,97,78,65,17,-2,DCA,CLT,331,5,27,0,NA,0,NA,NA,NA,NA,NA
2001,1,4,4,729,730,859,848,US,393,N745��,90,78,62,11,-1,DCA,CLT,331,5,23,0,NA,0,NA,NA,NA,NA,NA
2001,1,5,5,725,730,833,848,US,393,N765��,68,78,56,-15,-5,DCA,CLT,331,3,9,0,NA,0,NA,NA,NA,NA,NA
2001,1,6,6,724,730,834,848,US,393,N720��,70,78,52,-14,-6,DCA,CLT,331,6,12,0,NA,0,NA,NA,NA,NA,NA
2001,1,8,1,727,730,908,848,US,393,N720��,101,78,72,20,-3,DCA,CLT,331,5,24,0,NA,0,NA,NA,NA,NA,NA
2001,1,9,2,725,730,853,848,US,393,N760��,88,78,68,5,-5,DCA,CLT,331,4,16,0,NA,0,NA,NA,NA,NA,NA
2001,1,10,3,724,730,841,848,US,393,N739��,77,78,57,-7,-6,DCA,CLT,331,4,16,0,NA,0,NA,NA,NA,NA,NA
2001,1,11,4,728,730,840,848,US,393,N740��,72,78,49,-8,-2,DCA,CLT,331,4,19,0,NA,0,NA,NA,NA,NA,NA
2001,1,12,5,726,730,853,848,US,393,N721��,87,78,70,5,-4,DCA,CLT,331,4,13,0,NA,0,NA,NA,NA,NA,NA
2001,1,13,6,730,730,846,848,US,393,N705��,76,78,59,-2,0,DCA,CLT,331,6,11,0,NA,0,NA,NA,NA,NA,NA
2001,1,14,7,724,730,843,848,US,393,N711��,79,78,60,-5,-6,DCA,CLT,331,4,15,0,NA,0,NA,NA,NA,NA,NA
2001,1,15,1,727,730,844,848,US,393,N706��,77,78,58,-4,-3,DCA,CLT,331,5,14,0,NA,0,NA,NA,NA,NA,NA
2001,1,16,2,727,730,849,848,US,393,N719��,82,78,68,1,-3,DCA,CLT,331,4,10,0,NA,0,NA,NA,NA,NA,NA
2001,1,17,3,725,730,844,848,US,393,N763��,79,78,64,-4,-5,DCA,CLT,331,5,10,0,NA,0,NA,NA,NA,NA,NA
2001,1,18,4,723,730,855,848,US,393,N700��,92,78,69,7,-7,DCA,CLT,331,3,20,0,NA,0,NA,NA,NA,NA,NA
2001,1,19,5,726,730,905,848,US,393,N744��,99,78,75,17,-4,DCA,CLT,331,4,20,0,NA,0,NA,NA,NA,NA,NA
2001,1,20,6,733,730,902,848,US,393,N711��,89,78,70,14,3,DCA,CLT,331,3,16,0,NA,0,NA,NA,NA,NA,NA
2001,1,21,7,757,730,912,848,US,393,N732��,75,78,54,24,27,DCA,CLT,331,5,16,0,NA,0,NA,NA,NA,NA,NA
2001,1,22,1,728,730,841,848,US,393,N768��,73,78,54,-7,-2,DCA,CLT,331,4,15,0,NA,0,NA,NA,NA,NA,NA
2001,1,23,2,725,730,904,848,US,393,N715��,99,78,62,16,-5,DCA,CLT,331,4,33,0,NA,0,NA,NA,NA,NA,NA
2001,1,24,3,726,730,841,848,US,393,N770��,75,78,57,-7,-4,DCA,CLT,331,5,13,0,NA,0,NA,NA,NA,NA,NA
2001,1,25,4,728,730,856,848,US,393,N737��,88,78,64,8,-2,DCA,CLT,331,2,22,0,NA,0,NA,NA,NA,NA,NA
2001,1,26,5,734,730,904,848,US,393,N425��,90,78,61,16,4,DCA,CLT,331,6,23,0,NA,0,NA,NA,NA,NA,NA
2001,1,27,6,753,730,903,848,US,393,N706��,70,78,57,15,23,DCA,CLT,331,3,10,0,NA,0,NA,NA,NA,NA,NA
2001,1,28,7,729,730,845,848,US,393,N720��,76,78,62,-3,-1,DCA,CLT,331,3,11,0,NA,0,NA,NA,NA,NA,NA
2001,1,29,1,726,730,837,848,US,393,N708��,71,78,55,-11,-4,DCA,CLT,331,3,13,0,NA,0,NA,NA,NA,NA,NA
2001,1,30,2,727,730,859,848,US,393,N741��,92,78,72,11,-3,DCA,CLT,331,5,15,0,NA,0,NA,NA,NA,NA,NA
2001,1,31,3,723,730,853,848,US,393,N711��,90,78,67,5,-7,DCA,CLT,331,6,17,0,NA,0,NA,NA,NA,NA,NA
2001,1,1,1,1425,1430,1553,1613,US,395,N727��,88,103,71,-20,-5,MHT,PIT,485,9,8,0,NA,0,NA,NA,NA,NA,NA
2001,1,2,2,1423,1430,1547,1613,US,395,N740��,84,103,66,-26,-7,MHT,PIT,485,7,11,0,NA,0,NA,NA,NA,NA,NA
2001,1,3,3,1426,1430,1605,1613,US,395,N740��,99,103,74,-8,-4,MHT,PIT,485,18,7,0,NA,0,NA,NA,NA,NA,NA
2001,1,4,4,1429,1430,1554,1613,US,395,N742��,85,103,70,-19,-1,MHT,PIT,485,7,8,0,NA,0,NA,NA,NA,NA,NA
2001,1,5,5,1432,1430,1602,1613,US,395,N704��,90,103,73,-11,2,MHT,PIT,485,5,12,0,NA,0,NA,NA,NA,NA,NA
2001,1,6,6,1425,1430,1601,1613,US,395,N704��,96,103,71,-12,-5,MHT,PIT,485,14,11,0,NA,0,NA,NA,NA,NA,NA
2001,1,7,7,1427,1430,1625,1611,US,395,N737��,118,101,92,14,-3,MHT,PIT,485,7,19,0,NA,0,NA,NA,NA,NA,NA
2001,1,8,1,1427,1430,1604,1611,US,395,N744��,97,101,80,-7,-3,MHT,PIT,485,7,10,0,NA,0,NA,NA,NA,NA,NA
2001,1,9,2,1423,1430,1607,1611,US,395,N726��,104,101,70,-4,-7,MHT,PIT,485,25,9,0,NA,0,NA,NA,NA,NA,NA
2001,1,10,3,1423,1430,1605,1611,US,395,N707��,102,101,71,-6,-7,MHT,PIT,485,18,13,0,NA,0,NA,NA,NA,NA,NA
2001,1,11,4,1423,1430,1607,1611,US,395,N746��,104,101,79,-4,-7,MHT,PIT,485,12,13,0,NA,0,NA,NA,NA,NA,NA
2001,1,12,5,1425,1430,1552,1611,US,395,N719��,87,101,70,-19,-5,MHT,PIT,485,7,10,0,NA,0,NA,NA,NA,NA,NA
2001,1,13,6,1424,1430,1608,1611,US,395,N726��,104,101,72,-3,-6,MHT,PIT,485,15,17,0,NA,0,NA,NA,NA,NA,NA
2001,1,14,7,1425,1430,1605,1611,US,395,N732��,100,101,74,-6,-5,MHT,PIT,485,18,8,0,NA,0,NA,NA,NA,NA,NA
2001,1,15,1,1424,1430,1612,1611,US,395,N765��,108,101,76,1,-6,MHT,PIT,485,7,25,0,NA,0,NA,NA,NA,NA,NA
2001,1,16,2,1428,1430,1605,1611,US,395,N736��,97,101,73,-6,-2,MHT,PIT,485,14,10,0,NA,0,NA,NA,NA,NA,NA
2001,1,17,3,1428,1430,1612,1611,US,395,N744��,104,101,78,1,-2,MHT,PIT,485,18,8,0,NA,0,NA,NA,NA,NA,NA
2001,1,18,4,1427,1430,1616,1611,US,395,N714��,109,101,89,5,-3,MHT,PIT,485,9,11,0,NA,0,NA,NA,NA,NA,NA
2001,1,19,5,1439,1430,1624,1611,US,395,N727��,105,101,84,13,9,MHT,PIT,485,6,15,0,NA,0,NA,NA,NA,NA,NA
2001,1,20,6,1424,1430,1636,1611,US,395,N718��,132,101,83,25,-6,MHT,PIT,485,39,10,0,NA,0,NA,NA,NA,NA,NA
2001,1,21,7,1431,1430,1602,1611,US,395,N745��,91,101,76,-9,1,MHT,PIT,485,8,7,0,NA,0,NA,NA,NA,NA,NA
2001,1,22,1,1427,1430,1612,1611,US,395,N729��,105,101,79,1,-3,MHT,PIT,485,17,9,0,NA,0,NA,NA,NA,NA,NA
2001,1,23,2,1422,1430,1607,1611,US,395,N727��,105,101,73,-4,-8,MHT,PIT,485,13,19,0,NA,0,NA,NA,NA,NA,NA
2001,1,24,3,1425,1430,1621,1611,US,395,N746��,116,101,80,10,-5,MHT,PIT,485,24,12,0,NA,0,NA,NA,NA,NA,NA
2001,1,25,4,1452,1430,1622,1611,US,395,N739��,90,101,68,11,22,MHT,PIT,485,7,15,0,NA,0,NA,NA,NA,NA,NA
2001,1,26,5,1423,1430,1552,1611,US,395,N706��,89,101,75,-19,-7,MHT,PIT,485,5,9,0,NA,0,NA,NA,NA,NA,NA
2001,1,27,6,1422,1430,1606,1611,US,395,N702��,104,101,72,-5,-8,MHT,PIT,485,21,11,0,NA,0,NA,NA,NA,NA,NA
2001,1,28,7,1424,1430,1608,1611,US,395,N704��,104,101,82,-3,-6,MHT,PIT,485,8,14,0,NA,0,NA,NA,NA,NA,NA
2001,1,29,1,1426,1430,1606,1611,US,395,N703��,100,101,73,-5,-4,MHT,PIT,485,15,12,0,NA,0,NA,NA,NA,NA,NA
2001,1,30,2,1424,1430,1606,1611,US,395,N426��,102,101,79,-5,-6,MHT,PIT,485,10,13,0,NA,0,NA,NA,NA,NA,NA
2001,1,31,3,1422,1430,1602,1611,US,395,N713��,100,101,82,-9,-8,MHT,PIT,485,9,9,0,NA,0,NA,NA,NA,NA,NA
2001,1,6,6,1543,1545,1652,1649,US,396,N430��,69,64,38,3,-2,PHL,BDL,196,10,21,0,NA,0,NA,NA,NA,NA,NA
2001,1,1,1,1913,1915,1958,2003,US,397,-N970�,45,48,33,-5,-2,CRW,PIT,164,7,5,0,NA,0,NA,NA,NA,NA,NA
2001,1,2,2,1913,1915,2002,2003,US,397,-N912�,49,48,38,-1,-2,CRW,PIT,164,7,4,0,NA,0,NA,NA,NA,NA,NA
2001,1,3,3,1912,1915,2004,2003,US,397,-N927�,52,48,41,1,-3,CRW,PIT,164,5,6,0,NA,0,NA,NA,NA,NA,NA
2001,1,4,4,1914,1915,1955,2003,US,397,-N919�,41,48,30,-8,-1,CRW,PIT,164,7,4,0,NA,0,NA,NA,NA,NA,NA
2001,1,5,5,1910,1915,2007,2003,US,397,-N913�,57,48,43,4,-5,CRW,PIT,164,7,7,0,NA,0,NA,NA,NA,NA,NA
2001,1,6,6,1915,1915,1951,2003,US,397,-N934�,36,48,24,-12,0,CRW,PIT,164,7,5,0,NA,0,NA,NA,NA,NA,NA
2001,1,7,7,1914,1915,2003,2003,US,397,-N923�,49,48,32,0,-1,CRW,PIT,164,10,7,0,NA,0,NA,NA,NA,NA,NA
2001,1,8,1,1925,1915,2009,2003,US,397,-N991�,44,48,33,6,10,CRW,PIT,164,6,5,0,NA,0,NA,NA,NA,NA,NA
2001,1,9,2,1911,1915,2004,2003,US,397,-N919�,53,48,43,1,-4,CRW,PIT,164,5,5,0,NA,0,NA,NA,NA,NA,NA
2001,1,10,3,1912,1915,1952,2003,US,397,-N927�,40,48,30,-11,-3,CRW,PIT,164,6,4,0,NA,0,NA,NA,NA,NA,NA
2001,1,11,4,1914,1915,1952,2003,US,397,-N928�,38,48,30,-11,-1,CRW,PIT,164,4,4,0,NA,0,NA,NA,NA,NA,NA
2001,1,12,5,1910,1915,2012,2003,US,397,-N923�,62,48,33,9,-5,CRW,PIT,164,24,5,0,NA,0,NA,NA,NA,NA,NA
2001,1,13,6,1909,1915,1950,2003,US,397,-N922�,41,48,30,-13,-6,CRW,PIT,164,5,6,0,NA,0,NA,NA,NA,NA,NA
2001,1,14,7,1911,1915,2014,2003,US,397,-N967�,63,48,31,11,-4,CRW,PIT,164,7,25,0,NA,0,NA,NA,NA,NA,NA
2001,1,15,1,1912,1915,1958,2003,US,397,-N919�,46,48,34,-5,-3,CRW,PIT,164,8,4,0,NA,0,NA,NA,NA,NA,NA
2001,1,16,2,1912,1915,1959,2003,US,397,-N958�,47,48,35,-4,-3,CRW,PIT,164,7,5,0,NA,0,NA,NA,NA,NA,NA
2001,1,17,3,1914,1915,2002,2003,US,397,-N934�,48,48,32,-1,-1,CRW,PIT,164,6,10,0,NA,0,NA,NA,NA,NA,NA
2001,1,18,4,1910,1915,1955,2003,US,397,-N958�,45,48,31,-8,-5,CRW,PIT,164,7,7,0,NA,0,NA,NA,NA,NA,NA
2001,1,19,5,2043,1915,2130,2003,US,397,-N925�,47,48,32,87,88,CRW,PIT,164,10,5,0,NA,0,NA,NA,NA,NA,NA
2001,1,20,6,2126,1915,2224,2003,US,397,-N936�,58,48,41,141,131,CRW,PIT,164,10,7,0,NA,0,NA,NA,NA,NA,NA
2001,1,21,7,1915,1915,2003,2003,US,397,-N918�,48,48,37,0,0,CRW,PIT,164,6,5,0,NA,0,NA,NA,NA,NA,NA
2001,1,22,1,NA,1915,NA,2003,US,397,�NKNO�,NA,48,NA,NA,NA,CRW,PIT,164,0,0,1,NA,0,NA,NA,NA,NA,NA
2001,1,23,2,1912,1915,1950,2003,US,397,-N934�,38,48,29,-13,-3,CRW,PIT,164,5,4,0,NA,0,NA,NA,NA,NA,NA
2001,1,24,3,1913,1915,1958,2003,US,397,-N922�,45,48,32,-5,-2,CRW,PIT,164,8,5,0,NA,0,NA,NA,NA,NA,NA
2001,1,25,4,1910,1915,2001,2003,US,397,-N918�,51,48,40,-2,-5,CRW,PIT,164,5,6,0,NA,0,NA,NA,NA,NA,NA
2001,1,26,5,1911,1915,1956,2003,US,397,-N958�,45,48,32,-7,-4,CRW,PIT,164,9,4,0,NA,0,NA,NA,NA,NA,NA
2001,1,27,6,2041,1915,2130,2003,US,397,-N925�,49,48,36,87,86,CRW,PIT,164,5,8,0,NA,0,NA,NA,NA,NA,NA
2001,1,28,7,NA,1915,NA,2003,US,397,�NKNO�,NA,48,NA,NA,NA,CRW,PIT,164,0,0,1,NA,0,NA,NA,NA,NA,NA
2001,1,29,1,1928,1915,2011,2003,US,397,N811��,43,48,28,8,13,CRW,PIT,164,7,8,0,NA,0,NA,NA,NA,NA,NA
2001,1,30,2,1913,1915,1954,2003,US,397,-N928�,41,48,28,-9,-2,CRW,PIT,164,8,5,0,NA,0,NA,NA,NA,NA,NA
2001,1,31,3,NA,1915,NA,2003,US,397,�NKNO�,NA,48,NA,NA,NA,CRW,PIT,164,0,0,1,NA,0,NA,NA,NA,NA,NA
2001,1,1,1,2042,2045,2146,2200,US,397,-N970�,64,75,50,-14,-3,PIT,SBN,328,5,9,0,NA,0,NA,NA,NA,NA,NA
2001,1,2,2,2042,2045,2152,2200,US,397,-N912�,70,75,49,-8,-3,PIT,SBN,328,11,10,0,NA,0,NA,NA,NA,NA,NA
